Column1,Column2,Column3,Column4
50000,-85,45042,3.825847415
50000,-85,43648,3.825847415
50000,-84,43623,3.766988224
50000,-86,45334,3.884706606
50000,-85,44613,3.825847415
50000,-85,45812,3.825847415
50000,-86,44647,3.884706606
50000,-87,45379,3.943565797
50000,-88,45145,4.002424988
50000,-89,45244,4.061284179
50000,-89,44306,4.061284179
50000,-88,45049,4.002424988
50000,-87,44529,3.943565797
50000,-87,44599,3.943565797
50000,-87,46099,3.943565797
50000,-88,45980,4.002424988
50000,-86,44638,3.884706606
50000,-85,45067,3.825847415
50000,-87,45492,3.943565797
50000,-90,45293,4.12014337
50000,-88,44001,4.002424988
50000,-86,45619,3.884706606
50000,-86,45021,3.884706606
50000,-84,45772,3.766988224
50000,-84,44049,3.766988224
50000,-87,45235,3.943565797
50000,-86,44984,3.884706606
50000,-86,45724,3.884706606
50000,-86,43092,3.884706606
50000,-87,45321,3.943565797
50000,-87,43352,3.943565797
50000,-89,45692,4.061284179
50000,-87,42228,3.943565797
50000,-84,46123,3.766988224
50000,-85,43069,3.825847415
50000,-85,44605,3.825847415
50000,-86,44755,3.884706606
50000,-87,44236,3.943565797
50000,-87,45079,3.943565797
50000,-85,43128,3.825847415
50000,-85,45092,3.825847415
50000,-86,43687,3.884706606
50000,-87,45076,3.943565797
50000,-87,43056,3.943565797
50000,-85,44736,3.825847415
50000,-87,43957,3.943565797
50000,-87,45215,3.943565797
50000,-85,44261,3.825847415
50000,-88,45137,4.002424988
50000,-86,46641,3.884706606
50000,-84,46025,3.766988224
50000,-86,44861,3.884706606
50000,-84,46102,3.766988224
50000,-86,43846,3.884706606
50000,-87,45343,3.943565797
50000,-85,43808,3.825847415
50000,-88,45460,4.002424988
50000,-91,45271,4.179002561
50000,-93,46354,4.296720943
50000,-89,45363,4.061284179
50000,-87,44262,3.943565797
50000,-87,47005,3.943565797
50000,-88,47132,4.002424988
50000,-90,45714,4.12014337
50000,-90,47848,4.12014337
50000,-89,44081,4.061284179
50000,-88,47856,4.002424988
50000,-90,45951,4.12014337
50000,-90,47092,4.12014337
50000,-89,45136,4.061284179
50000,-88,47112,4.002424988
50000,-90,44358,4.12014337
50000,-93,48111,4.296720943
50000,-83,46139,3.708129033
50000,-85,46232,3.825847415
50000,-87,47148,3.943565797
50000,-87,46166,3.943565797
50000,-86,46781,3.884706606
50000,-85,47341,3.825847415
50000,-90,48169,4.12014337
50000,-90,45103,4.12014337
50000,-88,45149,4.002424988
50000,-91,46450,4.179002561
50000,-89,45623,4.061284179
50000,-89,46120,4.061284179
50000,-89,47118,4.061284179
50000,-90,47511,4.12014337
50000,-90,45916,4.12014337
50000,-90,48747,4.12014337
50000,-90,46307,4.12014337
50000,-93,47248,4.296720943
50000,-92,45444,4.237861752
50000,-94,50235,4.355580135
50000,-94,46666,4.355580135
50000,-92,47008,4.237861752
50000,-93,47854,4.296720943
50000,-91,46093,4.179002561
50000,-89,46864,4.061284179
50000,-90,46281,4.12014337
50000,-91,46791,4.179002561
50000,-93,45418,4.296720943
50000,-93,47403,4.296720943
50000,-87,46078,3.943565797
50000,-88,47356,4.002424988
50000,-87,48185,3.943565797
50000,-86,45975,3.884706606
50000,-86,46631,3.884706606
50000,-86,45737,3.884706606
50000,-87,47693,3.943565797
50000,-87,45576,3.943565797
50000,-87,46801,3.943565797
50000,-89,44722,4.061284179
50000,-89,47717,4.061284179
50000,-89,45930,4.061284179
50000,-89,47656,4.061284179
50000,-88,46113,4.002424988
50000,-87,47139,3.943565797
50000,-88,45474,4.002424988
50000,-88,46287,4.002424988
50000,-86,46252,3.884706606
50000,-87,46305,3.943565797
50000,-87,45717,3.943565797
50000,-88,46017,4.002424988
50000,-88,45224,4.002424988
50000,-86,46848,3.884706606
50000,-88,46278,4.002424988
50000,-87,50554,3.943565797
50000,-86,47281,3.884706606
50000,-85,48613,3.825847415
50000,-84,47040,3.766988224
50000,-89,48374,4.061284179
50000,-87,49244,3.943565797
50000,-91,47010,4.179002561
50000,-92,46622,4.237861752
50000,-91,46894,4.179002561
50000,-89,46387,4.061284179
50000,-90,48343,4.12014337
50000,-90,47901,4.12014337
50000,-90,47034,4.12014337
50000,-87,49338,3.943565797
50000,-88,49100,4.002424988
50000,-88,46725,4.002424988
50000,-87,49825,3.943565797
50000,-87,47253,3.943565797
50000,-87,49597,3.943565797
50000,-88,47135,4.002424988
50000,-86,47373,3.884706606
50000,-86,47514,3.884706606
50000,-87,48447,3.943565797
50000,-87,47518,3.943565797
50000,-87,48162,3.943565797
50000,-87,47525,3.943565797
50000,-87,47836,3.943565797
50000,-87,47204,3.943565797
50000,-87,48265,3.943565797
50000,-87,46104,3.943565797
50000,-87,48445,3.943565797
50000,-87,48159,3.943565797
50000,-87,49032,3.943565797
50000,-88,47681,4.002424988
50000,-87,48621,3.943565797
50000,-86,48292,3.884706606
50000,-86,50629,3.884706606
50000,-86,47445,3.884706606
50000,-88,48218,4.002424988
50000,-87,47171,3.943565797
50000,-86,47604,3.884706606
50000,-89,47270,4.061284179
50000,-88,49243,4.002424988
50000,-88,46832,4.002424988
50000,-86,47935,3.884706606
50000,-86,47602,3.884706606
50000,-86,49671,3.884706606
50000,-86,47038,3.884706606
50000,-86,49760,3.884706606
50000,-87,47995,3.943565797
50000,-87,51500,3.943565797
50000,-87,47976,3.943565797
50000,-87,51185,3.943565797
50000,-86,47540,3.884706606
50000,-86,50751,3.884706606
50000,-86,47363,3.884706606
50000,-85,50547,3.825847415
50000,-85,47714,3.825847415
50000,-86,51922,3.884706606
50000,-87,50398,3.943565797
50000,-87,51419,3.943565797
50000,-87,48263,3.943565797
50000,-87,51333,3.943565797
50000,-86,48091,3.884706606
50000,-87,51610,3.943565797
50000,-87,47173,3.943565797
50000,-86,50403,3.884706606
50000,-87,48798,3.943565797
50000,-86,48295,3.884706606
50000,-86,47116,3.884706606
50000,-88,48260,4.002424988
50000,-89,46653,4.061284179
50000,-88,50455,4.002424988
50000,-88,46961,4.002424988
50000,-88,49674,4.002424988
50000,-88,46908,4.002424988
50000,-89,52222,4.061284179
50000,-89,47039,4.061284179
50000,-90,50204,4.12014337
50000,-89,47602,4.061284179
50000,-89,48758,4.061284179
50000,-89,49480,4.061284179
50000,-89,50506,4.061284179
50000,-89,48628,4.061284179
50000,-88,49010,4.002424988
50000,-86,47259,3.884706606
50000,-85,49351,3.825847415
50000,-85,46729,3.825847415
50000,-87,49252,3.943565797
50000,-88,50132,4.002424988
50000,-86,61422,3.884706606
50000,-86,47776,3.884706606
50000,-86,48932,3.884706606
50000,-86,48270,3.884706606
50000,-87,46681,3.943565797
50000,-87,50239,3.943565797
50000,-87,50394,3.943565797
50000,-87,47647,3.943565797
50000,-87,50562,3.943565797
50000,-86,46176,3.884706606
50000,-86,49115,3.884706606
50000,-87,46475,3.943565797
50000,-85,48527,3.825847415
50000,-85,47230,3.825847415
50000,-85,47499,3.825847415
50000,-85,46945,3.825847415
50000,-86,47294,3.884706606
50000,-85,48202,3.825847415
50000,-84,47517,3.766988224
50000,-84,46772,3.766988224
50000,-84,47014,3.766988224
50000,-84,46772,3.766988224
50000,-84,47662,3.766988224
50000,-84,47380,3.766988224
50000,-84,47165,3.766988224
50000,-84,47431,3.766988224
50000,-85,48138,3.825847415
50000,-84,46165,3.766988224
50000,-85,46591,3.825847415
50000,-85,46876,3.825847415
50000,-85,48143,3.825847415
50000,-85,47961,3.825847415
50000,-84,47138,3.766988224
50000,-84,47359,3.766988224
50000,-84,47591,3.766988224
50000,-84,47166,3.766988224
50000,-84,47591,3.766988224
50000,-84,47641,3.766988224
50000,-85,47694,3.825847415
50000,-85,45766,3.825847415
50000,-84,47152,3.766988224
50000,-85,47276,3.825847415
50000,-85,47620,3.825847415
50000,-84,47102,3.766988224
50000,-84,47548,3.766988224
50000,-84,47485,3.766988224
50000,-85,47514,3.825847415
50000,-85,47109,3.825847415
50000,-85,47388,3.825847415
50000,-85,48104,3.825847415
50000,-86,47464,3.884706606
50000,-85,46018,3.825847415
50000,-85,46915,3.825847415
50000,-85,45560,3.825847415
50000,-85,47061,3.825847415
50000,-84,47024,3.766988224
50000,-84,46517,3.766988224
50000,-84,46999,3.766988224
50000,-84,47027,3.766988224
,,,
50000,-89,44889,4.061284179
50000,-87,44946,3.943565797
50000,-87,45225,3.943565797
50000,-88,45233,4.002424988
50000,-85,45211,3.825847415
50000,-87,44705,3.943565797
50000,-86,45236,3.884706606
50000,-86,44678,3.884706606
50000,-87,44687,3.943565797
50000,-87,44357,3.943565797
50000,-88,44812,4.002424988
50000,-88,44944,4.002424988
50000,-86,44873,3.884706606
50000,-86,45146,3.884706606
50000,-86,45099,3.884706606
50000,-89,44268,4.061284179
50000,-85,45239,3.825847415
50000,-87,44773,3.943565797
50000,-91,45330,4.179002561
50000,-84,43922,3.766988224
50000,-90,45704,4.12014337
50000,-87,44264,3.943565797
50000,-89,44649,4.061284179
50000,-87,44716,3.943565797
50000,-86,45825,3.884706606
50000,-86,44689,3.884706606
50000,-87,44643,3.943565797
50000,-86,43969,3.884706606
50000,-86,45276,3.884706606
50000,-85,44872,3.825847415
,,,
50000,-88,44442,4.002424988
50000,-86,44549,3.884706606
50000,-88,44902,4.002424988
50000,-87,45470,3.943565797
50000,-90,44937,4.12014337
50000,-89,44844,4.061284179
50000,-89,44701,4.061284179
50000,-88,43622,4.002424988
50000,-90,44989,4.12014337
50000,-90,45398,4.12014337
50000,-90,44808,4.12014337
50000,-88,43560,4.002424988
50000,-88,44998,4.002424988
50000,-88,45886,4.002424988
50000,-88,44792,4.002424988
50000,-88,44603,4.002424988
50000,-87,44661,3.943565797
50000,-87,45558,3.943565797
50000,-88,45004,4.002424988
50000,-87,45700,3.943565797
50000,-87,44807,3.943565797
50000,-86,44797,3.884706606
50000,-85,44926,3.825847415
50000,-85,44280,3.825847415
50000,-85,43870,3.825847415
50000,-85,43710,3.825847415
50000,-85,45205,3.825847415
50000,-85,44151,3.825847415
50000,-84,43968,3.766988224
50000,-84,44997,3.766988224
50000,-85,45532,3.825847415
50000,-86,43800,3.884706606
50000,-86,44050,3.884706606
50000,-85,44460,3.825847415
50000,-85,45988,3.825847415
50000,-85,44791,3.825847415
50000,-85,44809,3.825847415
50000,-87,44504,3.943565797
50000,-87,45857,3.943565797
50000,-88,45761,4.002424988
50000,-88,46028,4.002424988
,,,
50000,-90,45442,4.12014337
50000,-90,45968,4.12014337
50000,-91,45838,4.179002561
50000,-91,46575,4.179002561
50000,-90,45910,4.12014337
50000,-92,45822,4.237861752
50000,-92,47166,4.237861752
50000,-92,46943,4.237861752
50000,-92,49966,4.237861752
50000,-91,47347,4.179002561
50000,-90,63271,4.12014337
50000,-91,46820,4.179002561
50000,-90,45971,4.12014337
50000,-90,46310,4.12014337
50000,-91,63939,4.179002561
50000,-91,67211,4.179002561
50000,-91,46277,4.179002561
50000,-91,46875,4.179002561
50000,-91,46909,4.179002561
50000,-88,46986,4.002424988
50000,-86,45481,3.884706606
50000,-87,45279,3.943565797
50000,-91,64555,4.179002561
50000,-90,46333,4.12014337
50000,-90,46516,4.12014337
50000,-91,50062,4.179002561
50000,-91,46642,4.179002561
50000,-91,47296,4.179002561
50000,-90,46002,4.12014337
50000,-88,46201,4.002424988
50000,-90,45870,4.12014337
50000,-90,46495,4.12014337
50000,-89,46982,4.061284179
50000,-90,46464,4.12014337
50000,-90,47557,4.12014337
50000,-89,46875,4.061284179
50000,-88,47695,4.002424988
50000,-90,46462,4.12014337
50000,-91,46999,4.179002561
50000,-92,47030,4.237861752
50000,-91,47523,4.179002561
50000,-91,47574,4.179002561
50000,-91,48993,4.179002561
50000,-90,48374,4.12014337
50000,-89,47890,4.061284179
50000,-89,48302,4.061284179
50000,-89,48884,4.061284179
50000,-89,48117,4.061284179
50000,-89,48447,4.061284179
50000,-89,47473,4.061284179
50000,-90,48588,4.12014337
50000,-89,48000,4.061284179
50000,-90,48405,4.12014337
50000,-92,47238,4.237861752
50000,-90,46750,4.12014337
50000,-91,46737,4.179002561
50000,-89,46348,4.061284179
50000,-90,46484,4.12014337
50000,-90,46665,4.12014337
50000,-90,46496,4.12014337
50000,-90,46111,4.12014337
50000,-89,46516,4.061284179
50000,-89,46303,4.061284179
50000,-89,46299,4.061284179
50000,-91,46911,4.179002561
50000,-90,51999,4.12014337
50000,-91,64124,4.179002561
50000,-91,47841,4.179002561
50000,-91,47262,4.179002561
50000,-91,47358,4.179002561
50000,-92,45540,4.237861752
50000,-93,48876,4.296720943
50000,-92,47186,4.237861752
50000,-89,46898,4.061284179
50000,-89,46795,4.061284179
50000,-90,46989,4.12014337
50000,-90,48428,4.12014337
50000,-92,54288,4.237861752
50000,-92,48287,4.237861752
50000,-91,57943,4.179002561
50000,-92,65276,4.237861752
50000,-91,65980,4.179002561
50000,-91,66776,4.179002561
50000,-91,50141,4.179002561
50000,-92,66635,4.237861752
50000,-92,61552,4.237861752
50000,-88,65326,4.002424988
50000,-88,47295,4.002424988
50000,-88,46381,4.002424988
50000,-89,46837,4.061284179
50000,-89,46292,4.061284179
50000,-90,48105,4.12014337
50000,-91,47784,4.179002561
50000,-91,47555,4.179002561
50000,-91,47609,4.179002561
50000,-90,48212,4.12014337
50000,-90,47145,4.12014337
50000,-91,49074,4.179002561
50000,-90,47635,4.12014337
50000,-91,49505,4.179002561
50000,-90,46885,4.12014337
50000,-90,47478,4.12014337
50000,-90,47032,4.12014337
50000,-91,47842,4.179002561
50000,-90,47660,4.12014337
50000,-91,44586,4.179002561
50000,-91,46680,4.179002561
50000,-94,45219,4.355580135
50000,-92,45879,4.237861752
50000,-90,45240,4.12014337
50000,-91,46380,4.179002561
50000,-91,44946,4.179002561
50000,-91,44910,4.179002561
50000,-93,45107,4.296720943
50000,-93,45234,4.296720943
50000,-91,44999,4.179002561
50000,-91,44946,4.179002561
50000,-91,45228,4.179002561
50000,-92,44773,4.237861752
50000,-90,45256,4.12014337
50000,-91,44246,4.179002561
50000,-90,44860,4.12014337
50000,-91,44765,4.179002561
50000,-91,44266,4.179002561
50000,-91,45102,4.179002561
50000,-92,44212,4.237861752
50000,-91,44328,4.179002561
50000,-92,44704,4.237861752
50000,-92,45325,4.237861752
50000,-91,45159,4.179002561
50000,-92,45307,4.237861752
50000,-93,44899,4.296720943
50000,-92,45098,4.237861752
50000,-92,45283,4.237861752
50000,-92,44521,4.237861752
50000,-93,45665,4.296720943
50000,-93,45255,4.296720943
50000,-91,45141,4.179002561
50000,-91,44755,4.179002561
50000,-91,44748,4.179002561
50000,-92,44922,4.237861752
50000,-94,45719,4.355580135
50000,-93,45413,4.296720943
50000,-93,45756,4.296720943
50000,-93,44051,4.296720943
50000,-92,45257,4.237861752
50000,-92,44737,4.237861752
50000,-92,45079,4.237861752
50000,-92,44490,4.237861752
50000,-92,45699,4.237861752
50000,-91,44989,4.179002561
50000,-92,45945,4.237861752
50000,-92,45040,4.237861752
50000,-91,42738,4.179002561
50000,-91,44557,4.179002561
50000,-91,44817,4.179002561
50000,-91,45310,4.179002561
50000,-91,45850,4.179002561
50000,-91,44798,4.179002561
50000,-91,45413,4.179002561
50000,-91,45074,4.179002561
50000,-91,44855,4.179002561
50000,-91,45391,4.179002561
50000,-91,45656,4.179002561
50000,-91,45163,4.179002561
50000,-92,45786,4.237861752
50000,-93,45528,4.296720943
50000,-94,44515,4.355580135
50000,-94,44655,4.355580135
50000,-94,44717,4.355580135
50000,-94,45521,4.355580135
50000,-94,46253,4.355580135
50000,-94,45340,4.355580135
50000,-91,44308,4.179002561
50000,-90,44693,4.12014337
50000,-91,44900,4.179002561
50000,-90,45345,4.12014337
50000,-90,44350,4.12014337
50000,-92,45064,4.237861752
50000,-92,45755,4.237861752
50000,-92,45014,4.237861752
50000,-94,45169,4.355580135
50000,-96,45915,4.473298517
50000,-96,45811,4.473298517
50000,-95,46008,4.414439326
50000,-95,45438,4.414439326
50000,-94,45836,4.355580135
50000,-94,45525,4.355580135
50000,-93,45227,4.296720943
50000,-93,46048,4.296720943
50000,-94,45663,4.355580135
50000,-93,44869,4.296720943
50000,-93,46036,4.296720943
50000,-93,45457,4.296720943
50000,-93,45274,4.296720943
50000,-93,44670,4.296720943
50000,-92,46117,4.237861752
50000,-90,56826,4.12014337
50000,-90,55746,4.12014337
50000,-91,71832,4.179002561
50000,-91,49036,4.179002561
50000,-91,48764,4.179002561
50000,-92,48369,4.237861752
50000,-91,47861,4.179002561
50000,-92,55790,4.237861752
50000,-92,48048,4.237861752
50000,-90,47116,4.12014337
50000,-91,46821,4.179002561
50000,-91,65913,4.179002561
50000,-92,61499,4.237861752
50000,-91,66042,4.179002561
50000,-91,62524,4.179002561
50000,-91,52990,4.179002561
50000,-91,50469,4.179002561
50000,-91,48786,4.179002561
50000,-90,52926,4.12014337
50000,-91,54944,4.179002561
50000,-92,49856,4.237861752
50000,-90,64614,4.12014337
50000,-92,50764,4.237861752
50000,-90,65797,4.12014337
50000,-91,48992,4.179002561
50000,-91,66923,4.179002561
50000,-91,65619,4.179002561
50000,-91,60212,4.179002561
50000,-91,48829,4.179002561
50000,-91,60019,4.179002561
50000,-91,50048,4.179002561
50000,-91,53230,4.179002561
50000,-92,54546,4.237861752
50000,-92,53546,4.237861752
50000,-92,47203,4.237861752
50000,-91,49715,4.179002561
50000,-92,48682,4.237861752
50000,-90,59021,4.12014337
50000,-90,47507,4.12014337
50000,-90,52253,4.12014337
50000,-91,47732,4.179002561
50000,-91,48171,4.179002561
50000,-92,47149,4.237861752
50000,-93,49617,4.296720943
50000,-93,55013,4.296720943
50000,-92,47820,4.237861752
50000,-93,47083,4.296720943
50000,-94,48031,4.355580135
50000,-94,47408,4.355580135
50000,-93,48050,4.296720943
,,,
5000,-73,-804,7.582585758
5000,-72,-1208,7.439518102
5000,-70,-819,7.15338279
5000,-75,-1473,7.868721069
5000,-74,-1182,7.725653414
5000,-66,-1104,6.581112167
5000,-66,-852,6.581112167
5000,-67,-1967,6.724179823
5000,-66,-911,6.581112167
5000,-66,-1483,6.581112167
5000,-65,-1078,6.438044511
5000,-70,-1218,7.15338279
5000,-74,-726,7.725653414
5000,-70,-2795,7.15338279
5000,-69,-1162,7.010315135
5000,-74,-1480,7.725653414
5000,-72,-1410,7.439518102
5000,-70,-2247,7.15338279
5000,-70,-1231,7.15338279
5000,-70,-1115,7.15338279
5000,-72,-968,7.439518102
5000,-70,-1032,7.15338279
5000,-67,-1265,6.724179823
5000,-72,-1677,7.439518102
5000,-67,-1090,6.724179823
5000,-70,-1546,7.15338279
5000,-69,-1009,7.010315135
5000,-66,-1371,6.581112167
5000,-68,-1403,6.867247479
5000,-68,-987,6.867247479
5000,-66,-1252,6.581112167
5000,-66,-1581,6.581112167
5000,-66,-927,6.581112167
5000,-68,-1774,6.867247479
5000,-68,-594,6.867247479
5000,-69,-1927,7.010315135
5000,-70,-924,7.15338279
5000,-72,-544,7.439518102
5000,-71,-760,7.296450446
5000,-72,-1278,7.439518102
5000,-71,-843,7.296450446
5000,-69,-1202,7.010315135
5000,-70,-1245,7.15338279
5000,-70,-840,7.15338279
5000,-73,-724,7.582585758
5000,-73,-2389,7.582585758
5000,-72,-273,7.439518102
5000,-71,-2076,7.296450446
5000,-71,-914,7.296450446
5000,-71,-2196,7.296450446
5000,-71,-1253,7.296450446
5000,-71,-2455,7.296450446
5000,-71,-563,7.296450446
5000,-70,-4002,7.15338279
5000,-66,-205,6.581112167
5000,-66,-780,6.581112167
5000,-65,-236,6.438044511
5000,-66,-438,6.581112167
5000,-75,-1569,7.868721069
5000,-67,-578,6.724179823
5000,-67,-1588,6.724179823
5000,-68,-1041,6.867247479
5000,-71,-1850,7.296450446
5000,-73,-823,7.582585758
5000,-66,-988,6.581112167
5000,-65,-977,6.438044511
5000,-65,-1161,6.438044511
5000,-63,-976,6.1519092
5000,-63,-901,6.1519092
5000,-64,-1010,6.294976856
5000,-65,-1216,6.438044511
5000,-65,-1114,6.438044511
5000,-65,-1076,6.438044511
5000,-66,-1280,6.581112167
5000,-66,-1428,6.581112167
5000,-66,-1700,6.581112167
5000,-66,-2291,6.581112167
5000,-66,-1437,6.581112167
5000,-65,-1303,6.438044511
5000,-64,-1372,6.294976856
5000,-67,-1412,6.724179823
5000,-71,-1095,7.296450446
5000,-65,-1583,6.438044511
5000,-65,-1237,6.438044511
5000,-69,-1453,7.010315135
5000,-65,-982,6.438044511
5000,-64,-1203,6.294976856
5000,-64,-562,6.294976856
5000,-64,-1043,6.294976856
5000,-63,-1139,6.1519092
5000,-69,-847,7.010315135
5000,-78,-1049,8.297924037
5000,-79,-293,8.440991693
5000,-77,-1590,8.154856381
5000,-74,75,7.725653414
5000,-74,-876,7.725653414
5000,-72,-444,7.439518102
5000,-73,-1353,7.582585758
5000,-68,-673,6.867247479
5000,-71,-1196,7.296450446
5000,-68,-913,6.867247479
5000,-68,-1447,6.867247479
5000,-68,-952,6.867247479
5000,-67,-988,6.724179823
5000,-67,-1217,6.724179823
5000,-67,-1252,6.724179823
5000,-67,-1412,6.724179823
5000,-68,-1179,6.867247479
5000,-68,-1267,6.867247479
5000,-67,-944,6.724179823
5000,-68,-1219,6.867247479
5000,-68,-895,6.867247479
5000,-67,-1063,6.724179823
5000,-67,-1297,6.724179823
5000,-67,-1317,6.724179823
5000,-68,-1349,6.867247479
5000,-67,-655,6.724179823
5000,-68,-1631,6.867247479
5000,-65,-1452,6.438044511
5000,-66,-872,6.581112167
5000,-67,-940,6.724179823
5000,-69,-1192,7.010315135
5000,-69,-1037,7.010315135
5000,-68,-924,6.867247479
5000,-69,-1364,7.010315135
5000,-65,-1312,6.438044511
5000,-71,-1157,7.296450446
5000,-69,-1222,7.010315135
5000,-70,-874,7.15338279
5000,-70,-976,7.15338279
5000,-69,-778,7.010315135
5000,-70,-1376,7.15338279
5000,-73,-1774,7.582585758
5000,-69,-1607,7.010315135
5000,-65,-1150,6.438044511
5000,-64,-1244,6.294976856
5000,-68,-1305,6.867247479
5000,-67,-1326,6.724179823
5000,-71,-1554,7.296450446
5000,-66,-1378,6.581112167
5000,-65,-2020,6.438044511
5000,-66,-1086,6.581112167
5000,-74,-1152,7.725653414
5000,-68,-1670,6.867247479
5000,-70,-1393,7.15338279
5000,-68,-1464,6.867247479
5000,-78,-1023,8.297924037
5000,-73,-2328,7.582585758
5000,-71,-2153,7.296450446
5000,-72,-800,7.439518102
5000,-67,-2412,6.724179823
5000,-69,-1197,7.010315135
5000,-70,-634,7.15338279
5000,-67,-1219,6.724179823
5000,-67,-1924,6.724179823
5000,-72,-1386,7.439518102
5000,-68,-2073,6.867247479
5000,-69,-938,7.010315135
5000,-69,-1178,7.010315135
5000,-65,-1085,6.438044511
5000,-64,-1644,6.294976856
5000,-66,-1161,6.581112167
5000,-68,-1613,6.867247479
5000,-72,-1513,7.439518102
5000,-66,-994,6.581112167
5000,-79,-122,8.440991693
5000,-71,-575,7.296450446
5000,-69,-1280,7.010315135
5000,-64,-1032,6.294976856
5000,-66,-1401,6.581112167
5000,-71,-1420,7.296450446
5000,-72,-1463,7.439518102
5000,-72,-1713,7.439518102
5000,-73,-1560,7.582585758
5000,-73,-1508,7.582585758
5000,-73,-301,7.582585758
5000,-70,-981,7.15338279
5000,-71,-2399,7.296450446
5000,-75,-1133,7.868721069
5000,-72,-1256,7.439518102
5000,-72,-1037,7.439518102
5000,-73,-1572,7.582585758
5000,-71,-1489,7.296450446
5000,-72,-760,7.439518102
5000,-73,-712,7.582585758
5000,-74,-1149,7.725653414
5000,-68,-1055,6.867247479
5000,-70,-1438,7.15338279
5000,-69,-833,7.010315135
5000,-67,-1246,6.724179823
5000,-68,-1072,6.867247479
5000,-66,-1176,6.581112167
5000,-68,-1887,6.867247479
5000,-66,-686,6.581112167
5000,-68,-1497,6.867247479
5000,-66,-2057,6.581112167
,,,
5000,-68,-238,6.867247479
5000,-70,-1358,7.15338279
5000,-72,-747,7.439518102
5000,-72,-3077,7.439518102
5000,-72,-685,7.439518102
5000,-73,-5686,7.582585758
5000,-71,-1106,7.296450446
5000,-71,-32,7.296450446
5000,-71,-1258,7.296450446
5000,-71,-2631,7.296450446
5000,-71,-1070,7.296450446
5000,-70,-1852,7.15338279
5000,-69,-862,7.010315135
5000,-66,-1187,6.581112167
5000,-66,-677,6.581112167
5000,-65,-1282,6.438044511
5000,-66,-870,6.581112167
5000,-66,-948,6.581112167
5000,-68,-1177,6.867247479
5000,-69,-2312,7.010315135
5000,-72,-544,7.439518102
5000,-71,-1366,7.296450446
5000,-73,-1032,7.582585758
5000,-70,-1539,7.15338279
5000,-73,-665,7.582585758
5000,-69,-1372,7.010315135
5000,-65,-797,6.438044511
5000,-66,-1827,6.581112167
5000,-67,-965,6.724179823
5000,-67,-1311,6.724179823
5000,-67,-1398,6.724179823
5000,-68,-1587,6.867247479
5000,-67,-1032,6.724179823
5000,-71,-1023,7.296450446
5000,-69,-512,7.010315135
5000,-66,-1514,6.581112167
5000,-67,-1462,6.724179823
5000,-67,-1305,6.724179823
5000,-68,-1071,6.867247479
5000,-75,-1583,7.868721069
5000,-71,-1577,7.296450446
5000,-72,-1535,7.439518102
5000,-68,-1064,6.867247479
5000,-67,-1532,6.724179823
5000,-68,-1546,6.867247479
5000,-71,-1248,7.296450446
5000,-70,-912,7.15338279
5000,-67,-1023,6.724179823
5000,-68,-926,6.867247479
5000,-68,-206,6.867247479
5000,-64,-826,6.294976856
5000,-71,-776,7.296450446
5000,-65,-946,6.438044511
5000,-71,-723,7.296450446
5000,-70,-1164,7.15338279
5000,-71,-341,7.296450446
5000,-67,-1536,6.724179823
5000,-69,-428,7.010315135
5000,-68,-1133,6.867247479
5000,-67,-704,6.724179823
5000,-72,-826,7.439518102
5000,-67,-1197,6.724179823
5000,-74,-1999,7.725653414
5000,-69,-459,7.010315135
5000,-71,-1430,7.296450446
5000,-71,-838,7.296450446
5000,-70,-1186,7.15338279
5000,-71,-386,7.296450446
5000,-72,-1755,7.439518102
5000,-71,-1504,7.296450446
5000,-69,-743,7.010315135
5000,-71,-1704,7.296450446
5000,-68,-864,6.867247479
5000,-73,-975,7.582585758
5000,-75,-1763,7.868721069
5000,-69,-1550,7.010315135
5000,-70,-1291,7.15338279
5000,-73,-446,7.582585758
5000,-70,-770,7.15338279
5000,-69,96,7.010315135
5000,-76,-8,8.011788725
5000,-75,-166,7.868721069
5000,-75,86,7.868721069
5000,-73,53,7.582585758
5000,-75,-376,7.868721069
5000,-75,372,7.868721069
5000,-76,144,8.011788725
5000,-78,80,8.297924037
5000,-77,-994,8.154856381
5000,-77,-1310,8.154856381
5000,-74,-1265,7.725653414
5000,-75,-1531,7.868721069
5000,-72,-381,7.439518102
5000,-73,-1258,7.582585758
5000,-74,-1454,7.725653414
5000,-75,-1279,7.868721069
5000,-76,-1649,8.011788725
5000,-79,-563,8.440991693
5000,-73,-823,7.582585758
5000,-76,-749,8.011788725
5000,-74,-1675,7.725653414
5000,-71,-1369,7.296450446
5000,-74,-1744,7.725653414
5000,-77,-2000,8.154856381
5000,-75,-837,7.868721069
5000,-73,274,7.582585758
5000,-77,-692,8.154856381
5000,-77,-392,8.154856381
5000,-72,-92,7.439518102
5000,-68,210,6.867247479
5000,-68,-1557,6.867247479
5000,-65,50,6.438044511
5000,-63,-985,6.1519092
5000,-61,-716,5.865773888
5000,-60,-1354,5.722706232
5000,-62,-1198,6.008841544
5000,-62,-1078,6.008841544
5000,-65,-1077,6.438044511
5000,-62,-1124,6.008841544
5000,-64,-885,6.294976856
5000,-63,-924,6.1519092
5000,-62,-916,6.008841544
5000,-62,-946,6.008841544
5000,-61,-2354,5.865773888
5000,-63,-1310,6.1519092
5000,-67,-1002,6.724179823
5000,-65,-1112,6.438044511
5000,-66,-864,6.581112167
5000,-68,-1225,6.867247479
5000,-67,-951,6.724179823
5000,-66,-1490,6.581112167
5000,-65,-897,6.438044511
5000,-64,-1012,6.294976856
5000,-63,-1110,6.1519092
5000,-63,-1166,6.1519092
5000,-63,-858,6.1519092
5000,-63,-1084,6.1519092
5000,-63,-700,6.1519092
5000,-63,-1438,6.1519092
5000,-62,-872,6.008841544
5000,-62,-1623,6.008841544
5000,-62,-1257,6.008841544
5000,-62,-1111,6.008841544
5000,-61,-837,5.865773888
5000,-60,-739,5.722706232
5000,-60,-637,5.722706232
5000,-60,-2586,5.722706232
5000,-60,-1225,5.722706232
5000,-59,-1289,5.579638576
5000,-59,-922,5.579638576
5000,-61,-1709,5.865773888
5000,-59,-835,5.579638576
5000,-60,-1648,5.722706232
5000,-61,-836,5.865773888
5000,-68,-1217,6.867247479
5000,-72,-259,7.439518102
5000,-68,-1610,6.867247479
5000,-67,-1171,6.724179823
5000,-69,-1443,7.010315135
5000,-73,-512,7.582585758
5000,-74,-1575,7.725653414
5000,-72,-1238,7.439518102
5000,-72,-1379,7.439518102
5000,-69,-1217,7.010315135
5000,-71,-550,7.296450446
5000,-71,-70,7.296450446
5000,-73,-211,7.582585758
5000,-73,1927,7.582585758
5000,-71,-203,7.296450446
5000,-71,118,7.296450446
5000,-62,-825,6.008841544
5000,-60,-1209,5.722706232
5000,-65,-1150,6.438044511
5000,-62,-1046,6.008841544
5000,-60,-1329,5.722706232
5000,-63,-2197,6.1519092
5000,-73,-1222,7.582585758
5000,-70,-266,7.15338279
5000,-70,-279,7.15338279
5000,-73,33,7.582585758
5000,-68,-1678,6.867247479
5000,-70,-857,7.15338279
5000,-73,-1167,7.582585758
5000,-70,-1909,7.15338279
5000,-67,-738,6.724179823
5000,-68,296,6.867247479
5000,-71,-1934,7.296450446
5000,-72,586,7.439518102
5000,-73,680,7.582585758
5000,-72,184,7.439518102
5000,-73,-568,7.582585758
5000,-73,-973,7.582585758
5000,-73,119,7.582585758
5000,-74,-802,7.725653414
5000,-74,101,7.725653414
5000,-74,-1033,7.725653414
5000,-74,-300,7.725653414
5000,-75,-554,7.868721069
5000,-70,1854,7.15338279
5000,-69,3444,7.010315135
5000,-68,879,6.867247479
5000,-69,1080,7.010315135
5000,-67,-1207,6.724179823
5000,-68,780,6.867247479
5000,-74,-803,7.725653414
5000,-73,-267,7.582585758
5000,-70,-1179,7.15338279
5000,-69,-915,7.010315135
5000,-69,-735,7.010315135
5000,-69,-1249,7.010315135
5000,-74,-550,7.725653414
5000,-75,-1329,7.868721069
5000,-69,-718,7.010315135
5000,-67,-1212,6.724179823
5000,-67,-1064,6.724179823
5000,-68,-949,6.867247479
5000,-70,-1407,7.15338279
5000,-71,9,7.296450446
5000,-73,-490,7.582585758
5000,-73,-641,7.582585758
5000,-76,-795,8.011788725
5000,-77,-80,8.154856381
5000,-73,-442,7.582585758
5000,-71,283,7.296450446
5000,-76,-163,8.011788725
5000,-72,-1227,7.439518102
5000,-72,-664,7.439518102
5000,-76,-424,8.011788725
5000,-70,-195,7.15338279
5000,-70,-469,7.15338279
5000,-71,-1929,7.296450446
5000,-72,-417,7.439518102
5000,-73,-228,7.582585758
5000,-75,-275,7.868721069
5000,-67,-511,6.724179823
5000,-67,-752,6.724179823
5000,-70,921,7.15338279
5000,-72,423,7.439518102
5000,-75,349,7.868721069
5000,-75,294,7.868721069
5000,-69,-879,7.010315135
5000,-70,266,7.15338279
5000,-72,407,7.439518102
5000,-72,-209,7.439518102
5000,-75,2554,7.868721069
5000,-71,344,7.296450446
5000,-73,990,7.582585758
5000,-70,-316,7.15338279
5000,-74,-541,7.725653414
5000,-71,-1042,7.296450446
5000,-69,-753,7.010315135
5000,-67,-1029,6.724179823
5000,-65,-507,6.438044511
5000,-65,-802,6.438044511
5000,-67,-1019,6.724179823
5000,-68,-1889,6.867247479
5000,-68,-1324,6.867247479
5000,-69,-1270,7.010315135
5000,-66,-826,6.581112167
5000,-69,-733,7.010315135
5000,-70,-995,7.15338279
5000,-68,-1268,6.867247479
5000,-65,-645,6.438044511
5000,-64,-1505,6.294976856
5000,-70,-888,7.15338279
5000,-71,-878,7.296450446
5000,-66,-621,6.581112167
5000,-68,-1354,6.867247479
5000,-66,-1155,6.581112167
5000,-68,-940,6.867247479
5000,-70,-984,7.15338279
5000,-69,-1205,7.010315135
5000,-67,-1284,6.724179823
5000,-70,-1295,7.15338279
5000,-67,-786,6.724179823
5000,-72,-1033,7.439518102
5000,-67,-1311,6.724179823
5000,-66,-1246,6.581112167
5000,-64,-879,6.294976856
5000,-68,-271,6.867247479
5000,-68,-1139,6.867247479
5000,-67,-1497,6.724179823
5000,-67,-871,6.724179823
5000,-69,-1552,7.010315135
5000,-74,-1063,7.725653414
5000,-67,-1344,6.724179823
5000,-72,-263,7.439518102
5000,-72,-1237,7.439518102
5000,-68,288,6.867247479
5000,-70,-1003,7.15338279
5000,-70,-1012,7.15338279
5000,-71,-1447,7.296450446
5000,-74,-438,7.725653414
5000,-73,-1458,7.582585758
5000,-68,-443,6.867247479
5000,-68,-754,6.867247479
5000,-69,-646,7.010315135
5000,-70,-874,7.15338279
5000,-65,-643,6.438044511
5000,-67,-1308,6.724179823
5000,-67,-711,6.724179823
5000,-68,-1348,6.867247479
5000,-70,-2333,7.15338279
5000,-67,-973,6.724179823
5000,-70,-803,7.15338279
5000,-77,-1275,8.154856381
5000,-65,-1470,6.438044511
5000,-65,-885,6.438044511
5000,-65,-1162,6.438044511
5000,-75,-1436,7.868721069
5000,-76,-1174,8.011788725
5000,-75,-1131,7.868721069
5000,-69,-518,7.010315135
5000,-67,-596,6.724179823
5000,-65,-1526,6.438044511
5000,-65,-945,6.438044511
5000,-69,-344,7.010315135
5000,-72,-805,7.439518102
5000,-77,-1338,8.154856381
5000,-78,-1537,8.297924037
5000,-68,-483,6.867247479
5000,-65,-1336,6.438044511
5000,-60,-1175,5.722706232
5000,-63,-828,6.1519092
5000,-66,-1112,6.581112167
5000,-67,-1022,6.724179823
5000,-65,-1410,6.438044511
5000,-70,-1164,7.15338279
5000,-69,-682,7.010315135
5000,-73,-1536,7.582585758
5000,-74,-1264,7.725653414
5000,-73,-730,7.582585758
5000,-72,-1016,7.439518102
5000,-70,-811,7.15338279
5000,-68,-1118,6.867247479
5000,-64,-1289,6.294976856
5000,-68,-1129,6.867247479
5000,-67,-1890,6.724179823
5000,-65,-1156,6.438044511
5000,-67,-1552,6.724179823
5000,-69,-1725,7.010315135
5000,-68,-1176,6.867247479
5000,-69,-1900,7.010315135
5000,-68,-1642,6.867247479
5000,-68,-1818,6.867247479
5000,-67,-1903,6.724179823
5000,-67,-1643,6.724179823
5000,-66,-1336,6.581112167
5000,-68,-1574,6.867247479
5000,-65,-1762,6.438044511
5000,-66,-1145,6.581112167
5000,-69,-939,7.010315135
5000,-71,-890,7.296450446
5000,-68,-1219,6.867247479
5000,-67,-1302,6.724179823
5000,-66,-1439,6.581112167
5000,-66,-1091,6.581112167
5000,-69,-1449,7.010315135
5000,-67,-1176,6.724179823
5000,-71,-1562,7.296450446
5000,-67,-1115,6.724179823
5000,-68,-1104,6.867247479
5000,-68,-1304,6.867247479
5000,-67,-782,6.724179823
5000,-67,-1072,6.724179823
5000,-66,-1049,6.581112167
5000,-72,-1453,7.439518102
5000,-67,-1323,6.724179823
5000,-66,-1195,6.581112167
5000,-66,-1092,6.581112167
5000,-66,-1567,6.581112167
5000,-69,-1126,7.010315135
5000,-69,-1487,7.010315135
5000,-68,-1513,6.867247479
5000,-66,-893,6.581112167
5000,-67,-1837,6.724179823
5000,-66,-1123,6.581112167
5000,-65,-1348,6.438044511
5000,-67,-1332,6.724179823
5000,-68,-1749,6.867247479
5000,-69,-2637,7.010315135
5000,-70,-1208,7.15338279
5000,-71,-1767,7.296450446
5000,-69,-953,7.010315135
5000,-69,-1703,7.010315135
5000,-69,-1356,7.010315135
5000,-68,-1443,6.867247479
5000,-67,-1093,6.724179823
5000,-68,-155,6.867247479
5000,-69,-772,7.010315135
5000,-69,-1034,7.010315135
5000,-69,-793,7.010315135
5000,-69,-735,7.010315135
5000,-69,-1184,7.010315135
5000,-69,-894,7.010315135
5000,-68,-1039,6.867247479
5000,-68,-1182,6.867247479
5000,-69,-1128,7.010315135
5000,-69,-813,7.010315135
5000,-69,-1035,7.010315135
5000,-69,-1231,7.010315135
5000,-69,-949,7.010315135
5000,-68,-1272,6.867247479
5000,-68,-792,6.867247479
5000,-69,-883,7.010315135
5000,-68,-446,6.867247479
5000,-68,-1502,6.867247479
5000,-67,-1684,6.724179823
5000,-66,-1689,6.581112167
5000,-65,-862,6.438044511
5000,-66,-900,6.581112167
5000,-66,-1443,6.581112167
5000,-66,-1023,6.581112167
5000,-67,-923,6.724179823
5000,-69,-2242,7.010315135
5000,-67,-999,6.724179823
5000,-66,-1720,6.581112167
5000,-67,-1425,6.724179823
5000,-66,-1967,6.581112167
,,,
5000,-67,-1304,6.724179823
5000,-68,-2460,6.867247479
5000,-69,-1621,7.010315135
5000,-71,-1402,7.296450446
5000,-71,-1356,7.296450446
5000,-72,-1175,7.439518102
5000,-72,-1573,7.439518102
5000,-72,-1358,7.439518102
5000,-70,-1550,7.15338279
5000,-70,-1268,7.15338279
5000,-71,-1178,7.296450446
5000,-71,-964,7.296450446
5000,-71,-1180,7.296450446
5000,-73,-1928,7.582585758
5000,-74,-1547,7.725653414
5000,-74,-1655,7.725653414
,,,
5000,-74,-2083,7.725653414
5000,-73,-1898,7.582585758
5000,-73,-1382,7.582585758
5000,-73,-1286,7.582585758
5000,-73,-1270,7.582585758
5000,-75,-1488,7.868721069
5000,-74,-1477,7.725653414
5000,-76,-1279,8.011788725
5000,-74,-2307,7.725653414
5000,-74,-791,7.725653414
5000,-76,-1768,8.011788725
5000,-74,-1061,7.725653414
5000,-76,-2248,8.011788725
5000,-70,-1164,7.15338279
5000,-76,-2328,8.011788725
5000,-74,-2141,7.725653414
5000,-73,-1883,7.582585758
5000,-76,-2062,8.011788725
5000,-72,-1409,7.439518102
5000,-68,-1589,6.867247479
5000,-73,-1714,7.582585758
5000,-73,-1720,7.582585758
5000,-73,-1273,7.582585758
5000,-74,-1583,7.725653414
5000,-72,-1616,7.439518102
5000,-72,-3096,7.439518102
5000,-72,-4224,7.439518102
5000,-75,-1082,7.868721069
5000,-71,-1074,7.296450446
5000,-74,-1236,7.725653414
5000,-74,-1040,7.725653414
5000,-71,-1425,7.296450446
5000,-70,-1067,7.15338279
,,,
5000,-68,-1255,6.867247479
5000,-72,-1295,7.439518102
5000,-69,-1334,7.010315135
5000,-71,-1489,7.296450446
5000,-73,-1189,7.582585758
5000,-71,-1079,7.296450446
5000,-72,-2056,7.439518102
5000,-72,-913,7.439518102
5000,-72,-1186,7.439518102
5000,-68,-1174,6.867247479
5000,-72,-1417,7.439518102
5000,-73,-1088,7.582585758
5000,-75,-1571,7.868721069
5000,-77,-1638,8.154856381
5000,-75,-1877,7.868721069
5000,-70,-1102,7.15338279
5000,-67,-1928,6.724179823
5000,-74,-1776,7.725653414
5000,-74,-1222,7.725653414
5000,-69,-938,7.010315135
5000,-67,-1790,6.724179823
5000,-66,-1621,6.581112167
5000,-68,-1046,6.867247479
5000,-66,-1476,6.581112167
5000,-70,-1264,7.15338279
5000,-73,-1668,7.582585758
5000,-67,-1173,6.724179823
5000,-73,-1049,7.582585758
,,,
5000,-71,-1113,7.296450446
5000,-68,-1570,6.867247479
,,,
5000,-71,-1278,7.296450446
,,,
5000,-72,-850,7.439518102
5000,-67,-1227,6.724179823
5000,-65,-1301,6.438044511
5000,-67,-1369,6.724179823
5000,-68,-1578,6.867247479
5000,-70,-1276,7.15338279
5000,-75,-2614,7.868721069
5000,-74,-1536,7.725653414
,,,
5000,-74,-1279,7.725653414
5000,-71,-1372,7.296450446
,,,
5000,-72,-1511,7.439518102
5000,-75,-1678,7.868721069
,,,
5000,-72,-1354,7.439518102
5000,-70,-1168,7.15338279
5000,-71,-1497,7.296450446
5000,-71,-1377,7.296450446
5000,-73,-588,7.582585758
5000,-78,-1024,8.297924037
,,,
5000,-73,-1532,7.582585758
5000,-75,-1202,7.868721069
5000,-74,-638,7.725653414
,,,
5000,-76,-1398,8.011788725
5000,-73,-181,7.582585758
5000,-71,-613,7.296450446
5000,-78,-2109,8.297924037
5000,-74,-2264,7.725653414
5000,-73,-817,7.582585758
5000,-70,-1188,7.15338279
5000,-71,-1232,7.296450446
,,,
5000,-72,-2538,7.439518102
5000,-73,-1444,7.582585758
5000,-72,-407,7.439518102
5000,-73,-1673,7.582585758
5000,-70,-367,7.15338279
5000,-74,-1240,7.725653414
5000,-75,-760,7.868721069
5000,-73,-1457,7.582585758
5000,-72,-1003,7.439518102
5000,-72,-1195,7.439518102
5000,-71,-1373,7.296450446
5000,-70,-1104,7.15338279
5000,-70,-1240,7.15338279
5000,-71,-1160,7.296450446
5000,-69,-2015,7.010315135
5000,-66,-1176,6.581112167
5000,-67,-1653,6.724179823
5000,-65,-1970,6.438044511
5000,-67,-1347,6.724179823
5000,-66,-1192,6.581112167
5000,-66,-1379,6.581112167
5000,-68,-1044,6.867247479
5000,-67,-1420,6.724179823
5000,-66,-1067,6.581112167
5000,-65,-1001,6.438044511
5000,-69,-1435,7.010315135
5000,-68,-1446,6.867247479
5000,-70,-1171,7.15338279
5000,-70,-1297,7.15338279
5000,-72,-1339,7.439518102
5000,-71,-1741,7.296450446
5000,-72,-1328,7.439518102
5000,-72,-1569,7.439518102
5000,-71,-1767,7.296450446
5000,-73,-1697,7.582585758
5000,-75,-1626,7.868721069
5000,-74,-2864,7.725653414
5000,-74,-2174,7.725653414
5000,-73,-2483,7.582585758
5000,-75,-2372,7.868721069
5000,-74,-2145,7.725653414
5000,-74,-1854,7.725653414
5000,-74,-1664,7.725653414
5000,-72,-2550,7.439518102
5000,-72,-1814,7.439518102
5000,-72,-1755,7.439518102
5000,-72,-1915,7.439518102
5000,-72,-1273,7.439518102
5000,-70,-1123,7.15338279
5000,-73,-2022,7.582585758
5000,-73,-1214,7.582585758
5000,-73,-1578,7.582585758
5000,-74,-1376,7.725653414
5000,-71,-1764,7.296450446
5000,-71,-1321,7.296450446
5000,-68,-1524,6.867247479
5000,-68,-1746,6.867247479
5000,-69,-1702,7.010315135
5000,-69,-1800,7.010315135
5000,-69,-979,7.010315135
5000,-68,-1428,6.867247479
5000,-69,-1605,7.010315135
5000,-70,-1542,7.15338279
5000,-71,-812,7.296450446
,,,
10000,-72,5853,5.2
10000,-74,5381,5.4
10000,-77,5779,5.7
10000,-73,4459,5.3
10000,-80,5835,6
10000,-74,5127,5.4
10000,-75,4514,5.5
10000,-73,4665,5.3
10000,-80,4601,6
10000,-78,2012,5.8
10000,-79,6058,5.9
10000,-78,6302,5.8
10000,-79,6129,5.9
10000,-76,4766,5.6
10000,-82,5401,6.2
10000,-75,5199,5.5
10000,-81,5880,6.1
10000,-79,4112,5.9
10000,-78,5374,5.8
10000,-77,5469,5.7
10000,-78,5783,5.8
10000,-77,4798,5.7
10000,-84,5995,6.4
10000,-81,5363,6.1
10000,-77,5750,5.7
10000,-77,5088,5.7
10000,-70,5962,5
10000,-78,4511,5.8
10000,-77,4275,5.7
10000,-74,5270,5.4
10000,-76,4547,5.6
10000,-78,4626,5.8
10000,-76,5043,5.6
10000,-75,5592,5.5
10000,-76,4787,5.6
10000,-76,5684,5.6
10000,-74,4954,5.4
10000,-76,5180,5.6
10000,-76,4645,5.6
10000,-79,5283,5.9
10000,-76,4759,5.6
10000,-77,4849,5.7
10000,-75,4023,5.5
10000,-75,4572,5.5
10000,-74,4356,5.4
10000,-74,5038,5.4
10000,-74,4970,5.4
10000,-78,4960,5.8
10000,-78,4806,5.8
10000,-76,4474,5.6
10000,-75,4930,5.5
10000,-77,5138,5.7
10000,-75,5085,5.5
10000,-76,5204,5.6
10000,-74,4948,5.4
10000,-80,4612,6
10000,-79,4915,5.9
10000,-76,4106,5.6
10000,-75,4773,5.5
10000,-77,4658,5.7
10000,-75,4706,5.5
10000,-75,4712,5.5
10000,-75,4668,5.5
10000,-76,4240,5.6
10000,-74,4492,5.4
10000,-74,4639,5.4
10000,-75,5119,5.5
10000,-74,4478,5.4
10000,-75,5199,5.5
10000,-74,4801,5.4
10000,-74,4989,5.4
10000,-75,4985,5.5
10000,-79,5387,5.9
10000,-78,4644,5.8
10000,-77,4196,5.7
10000,-78,4525,5.8
10000,-77,5631,5.7
10000,-77,5011,5.7
10000,-81,5554,6.1
10000,-78,4219,5.8
10000,-80,5541,6
10000,-78,4757,5.8
10000,-79,4896,5.9
10000,-76,4876,5.6
10000,-77,5323,5.7
10000,-82,5518,6.2
10000,-80,5865,6
10000,-76,5243,5.6
10000,-82,5402,6.2
10000,-81,4793,6.1
10000,-83,5860,6.3
10000,-78,4471,5.8
10000,-78,4746,5.8
10000,-75,4184,5.5
,,,
15000,-71,8566,4.336398184
15000,-71,9129,4.336398184
15000,-71,8243,4.336398184
15000,-70,9531,4.251370769
15000,-72,8896,4.421425599
15000,-71,9515,4.336398184
15000,-70,8709,4.251370769
15000,-68,9540,4.081315938
15000,-69,8792,4.166343353
15000,-68,10235,4.081315938
15000,-68,8985,4.081315938
15000,-67,9995,3.996288523
15000,-69,8943,4.166343353
15000,-71,10072,4.336398184
15000,-71,9579,4.336398184
15000,-71,9965,4.336398184
15000,-69,9158,4.166343353
15000,-69,9580,4.166343353
15000,-70,9005,4.251370769
15000,-69,9958,4.166343353
15000,-70,8853,4.251370769
15000,-69,9891,4.166343353
15000,-69,9099,4.166343353
15000,-69,9603,4.166343353
15000,-69,9177,4.166343353
15000,-72,9894,4.421425599
15000,-70,8878,4.251370769
15000,-72,9027,4.421425599
15000,-72,8814,4.421425599
15000,-73,9079,4.506453015
15000,-72,8611,4.421425599
15000,-72,9575,4.421425599
15000,-71,8825,4.336398184
15000,-72,9537,4.421425599
15000,-72,9186,4.421425599
15000,-71,9610,4.336398184
15000,-69,8566,4.166343353
15000,-71,9466,4.336398184
15000,-71,8578,4.336398184
15000,-70,9509,4.251370769
15000,-70,9682,4.251370769
15000,-71,9585,4.336398184
15000,-72,8577,4.421425599
15000,-70,9585,4.251370769
15000,-70,8472,4.251370769
15000,-70,9985,4.251370769
15000,-71,7838,4.336398184
15000,-71,8958,4.336398184
15000,-71,8315,4.336398184
15000,-72,9450,4.421425599
15000,-73,8703,4.506453015
15000,-73,9110,4.506453015
15000,-73,9174,4.506453015
15000,-72,9605,4.421425599
15000,-71,9015,4.336398184
15000,-72,9485,4.421425599
15000,-71,9174,4.336398184
15000,-71,7917,4.336398184
15000,-71,9414,4.336398184
15000,-70,8748,4.251370769
15000,-72,9165,4.421425599
15000,-72,8805,4.421425599
15000,-72,9010,4.421425599
15000,-72,8730,4.421425599
15000,-70,9547,4.251370769
15000,-71,8853,4.336398184
15000,-71,9631,4.336398184
15000,-70,9146,4.251370769
15000,-72,9169,4.421425599
15000,-71,8279,4.336398184
15000,-71,9304,4.336398184
,,,
15000,-72,8919,4.421425599
15000,-72,9928,4.421425599
15000,-71,9460,4.336398184
15000,-70,9338,4.251370769
15000,-69,8286,4.166343353
15000,-70,9653,4.251370769
15000,-70,8218,4.251370769
15000,-72,9213,4.421425599
15000,-71,8269,4.336398184
15000,-70,9219,4.251370769
15000,-73,7867,4.506453015
15000,-70,9269,4.251370769
15000,-70,8461,4.251370769
15000,-71,9128,4.336398184
15000,-71,9392,4.336398184
15000,-71,9346,4.336398184
15000,-73,8569,4.506453015
15000,-71,9355,4.336398184
15000,-70,8537,4.251370769
15000,-70,8514,4.251370769
15000,-70,8339,4.251370769
15000,-70,9727,4.251370769
15000,-69,8734,4.166343353
15000,-70,9879,4.251370769
15000,-71,9541,4.336398184
15000,-71,9933,4.336398184
15000,-72,8599,4.421425599
15000,-67,9712,3.996288523
15000,-68,9316,4.081315938
15000,-69,9606,4.166343353
15000,-70,9273,4.251370769
15000,-70,9641,4.251370769
15000,-69,9019,4.166343353
15000,-67,9894,3.996288523
15000,-67,8817,3.996288523
15000,-67,9094,3.996288523
15000,-66,8221,3.911261107
15000,-66,8697,3.911261107
15000,-66,8137,3.911261107
15000,-67,10003,3.996288523
15000,-67,9103,3.996288523
15000,-67,9755,3.996288523
15000,-67,9126,3.996288523
15000,-66,9467,3.911261107
15000,-67,8864,3.996288523
15000,-67,9803,3.996288523
15000,-68,9041,4.081315938
15000,-68,9775,4.081315938
15000,-68,8311,4.081315938
15000,-68,9397,4.081315938
15000,-69,9235,4.166343353
15000,-70,9122,4.251370769
15000,-70,8733,4.251370769
15000,-69,9520,4.166343353
15000,-69,8526,4.166343353
15000,-70,9690,4.251370769
15000,-70,9010,4.251370769
15000,-69,9496,4.166343353
15000,-68,8524,4.081315938
15000,-67,9617,3.996288523
15000,-67,8918,3.996288523
15000,-66,9533,3.911261107
15000,-67,8939,3.996288523
15000,-67,9705,3.996288523
15000,-67,9022,3.996288523
15000,-67,9230,3.996288523
15000,-67,8981,3.996288523
15000,-67,9618,3.996288523
15000,-67,8746,3.996288523
15000,-67,9513,3.996288523
15000,-66,8595,3.911261107
15000,-67,9508,3.996288523
15000,-67,8314,3.996288523
15000,-69,9998,4.166343353
15000,-67,8316,3.996288523
15000,-69,9574,4.166343353
15000,-73,8317,4.506453015
15000,-72,9269,4.421425599
15000,-67,8037,3.996288523
15000,-70,9536,4.251370769
15000,-71,8457,4.336398184
15000,-69,9501,4.166343353
15000,-72,8486,4.421425599
15000,-70,9820,4.251370769
15000,-69,8814,4.166343353
15000,-69,9400,4.166343353
15000,-68,8752,4.081315938
15000,-68,9473,4.081315938
15000,-71,8729,4.336398184
15000,-70,9652,4.251370769
15000,-70,9322,4.251370769
15000,-72,9480,4.421425599
15000,-69,9213,4.166343353
15000,-71,9562,4.336398184
15000,-71,9368,4.336398184
15000,-71,8837,4.336398184
15000,-71,9245,4.336398184
15000,-71,9054,4.336398184
15000,-71,9009,4.336398184
15000,-71,9219,4.336398184
15000,-70,9021,4.251370769
15000,-69,9837,4.166343353
15000,-67,8662,3.996288523
15000,-69,9756,4.166343353
15000,-72,8758,4.421425599
15000,-71,9347,4.336398184
,,,
20000,-70,14285,3.843108934
20000,-72,14818,3.996833292
20000,-71,14450,3.919971113
20000,-71,14111,3.919971113
20000,-73,14245,4.07369547
20000,-73,14151,4.07369547
20000,-70,13775,3.843108934
20000,-71,14495,3.919971113
20000,-73,14230,4.07369547
20000,-73,15008,4.07369547
20000,-73,13834,4.07369547
20000,-72,14797,3.996833292
20000,-72,14452,3.996833292
20000,-71,14693,3.919971113
20000,-71,14168,3.919971113
20000,-70,14024,3.843108934
20000,-71,14283,3.919971113
20000,-71,14687,3.919971113
20000,-71,13881,3.919971113
20000,-72,14552,3.996833292
20000,-71,14283,3.919971113
20000,-73,14876,4.07369547
20000,-72,14329,3.996833292
20000,-70,15016,3.843108934
20000,-70,14110,3.843108934
20000,-70,14770,3.843108934
20000,-72,14490,3.996833292
20000,-72,14647,3.996833292
20000,-70,14638,3.843108934
20000,-71,14603,3.919971113
20000,-71,14095,3.919971113
20000,-72,14640,3.996833292
20000,-72,14158,3.996833292
20000,-71,14141,3.919971113
20000,-72,13942,3.996833292
20000,-73,15340,4.07369547
20000,-72,14400,3.996833292
20000,-73,14455,4.07369547
20000,-69,14034,3.766246756
20000,-70,14589,3.843108934
20000,-71,14684,3.919971113
20000,-71,14817,3.919971113
20000,-71,14417,3.919971113
20000,-71,14652,3.919971113
20000,-73,13934,4.07369547
20000,-71,14599,3.919971113
20000,-72,13896,3.996833292
20000,-72,14435,3.996833292
20000,-72,14274,3.996833292
20000,-72,14551,3.996833292
20000,-72,14105,3.996833292
20000,-71,14907,3.919971113
20000,-71,14392,3.919971113
20000,-72,14879,3.996833292
20000,-72,14669,3.996833292
20000,-72,14714,3.996833292
20000,-72,13832,3.996833292
20000,-72,14552,3.996833292
20000,-72,14045,3.996833292
20000,-71,14176,3.919971113
20000,-72,14273,3.996833292
20000,-72,14640,3.996833292
20000,-72,13844,3.996833292
20000,-72,14724,3.996833292
20000,-71,14117,3.919971113
20000,-72,14647,3.996833292
20000,-72,14420,3.996833292
20000,-72,14273,3.996833292
20000,-73,14228,4.07369547
20000,-72,14478,3.996833292
,,,
25000,-73,19562,3.791292879
25000,-73,19088,3.791292879
25000,-72,19452,3.719759051
25000,-71,19995,3.648225223
25000,-72,19249,3.719759051
25000,-72,19863,3.719759051
25000,-72,18994,3.719759051
25000,-72,20020,3.719759051
25000,-72,19378,3.719759051
25000,-73,19913,3.791292879
25000,-73,19056,3.791292879
25000,-72,19661,3.719759051
25000,-72,19224,3.719759051
25000,-71,19769,3.648225223
25000,-72,19336,3.719759051
25000,-71,19023,3.648225223
25000,-72,19227,3.719759051
25000,-72,19189,3.719759051
25000,-71,19284,3.648225223
25000,-72,19549,3.719759051
25000,-71,19302,3.648225223
25000,-72,18754,3.719759051
25000,-72,19490,3.719759051
25000,-70,19605,3.576691395
25000,-73,20004,3.791292879
25000,-72,19332,3.719759051
25000,-72,19392,3.719759051
25000,-71,19371,3.648225223
25000,-71,18906,3.648225223
25000,-71,19296,3.648225223
25000,-71,18996,3.648225223
25000,-72,18711,3.719759051
25000,-72,19554,3.719759051
25000,-72,19390,3.719759051
25000,-72,19326,3.719759051
25000,-72,19418,3.719759051
25000,-72,19277,3.719759051
25000,-71,19867,3.648225223
25000,-72,19536,3.719759051
25000,-71,19554,3.648225223
25000,-72,19560,3.719759051
25000,-71,19382,3.648225223
25000,-72,19235,3.719759051
25000,-72,19258,3.719759051
25000,-73,19145,3.791292879
25000,-72,19552,3.719759051
25000,-72,19465,3.719759051
25000,-72,19108,3.719759051
25000,-71,19395,3.648225223
25000,-71,19926,3.648225223
25000,-72,19585,3.719759051
25000,-72,19612,3.719759051
25000,-72,19587,3.719759051
25000,-71,18930,3.648225223
25000,-72,19314,3.719759051
25000,-71,19662,3.648225223
25000,-69,19476,3.505157567
25000,-71,19946,3.648225223
25000,-71,19496,3.648225223
25000,-74,19549,3.862826707
25000,-74,19008,3.862826707
25000,-74,18930,3.862826707
25000,-73,19365,3.791292879
25000,-73,19563,3.791292879
25000,-73,19777,3.791292879
25000,-74,19339,3.862826707
25000,-74,19293,3.862826707
25000,-73,19184,3.791292879
25000,-74,19360,3.862826707
25000,-74,18535,3.862826707
,,,
30000,-76,23291,3.791157958
30000,-75,23521,3.723458709
30000,-75,23149,3.723458709
30000,-76,23802,3.791157958
30000,-74,24007,3.65575946
30000,-77,23849,3.858857207
30000,-75,22847,3.723458709
30000,-73,23870,3.58806021
30000,-75,23115,3.723458709
30000,-74,24097,3.65575946
30000,-72,22472,3.520360961
30000,-73,24105,3.58806021
30000,-73,25402,3.58806021
30000,-74,23649,3.65575946
30000,-74,23464,3.65575946
30000,-74,24192,3.65575946
30000,-74,23626,3.65575946
30000,-73,23501,3.58806021
30000,-73,23810,3.58806021
30000,-76,23274,3.791157958
30000,-77,23815,3.858857207
30000,-75,23473,3.723458709
30000,-77,23877,3.858857207
30000,-75,23774,3.723458709
30000,-75,22668,3.723458709
30000,-74,24013,3.65575946
30000,-73,24203,3.58806021
30000,-75,23317,3.723458709
30000,-75,23986,3.723458709
30000,-76,24511,3.791157958
30000,-75,23912,3.723458709
30000,-76,23478,3.791157958
30000,-77,24002,3.858857207
30000,-76,24816,3.791157958
30000,-76,24398,3.791157958
30000,-77,23820,3.858857207
30000,-76,23602,3.791157958
30000,-76,23313,3.791157958
30000,-76,23888,3.791157958
30000,-77,23948,3.858857207
30000,-77,23931,3.858857207
30000,-78,23093,3.926556457
30000,-76,24178,3.791157958
30000,-78,24358,3.926556457
30000,-76,23803,3.791157958
30000,-78,24340,3.926556457
30000,-77,23709,3.858857207
30000,-77,23822,3.858857207
30000,-78,24131,3.926556457
30000,-78,24316,3.926556457
30000,-78,23717,3.926556457
30000,-80,24804,4.061954955
30000,-80,22708,4.061954955
30000,-79,24681,3.994255706
30000,-79,23683,3.994255706
30000,-80,24588,4.061954955
30000,-79,23154,3.994255706
30000,-78,23946,3.926556457
30000,-78,24047,3.926556457
30000,-77,24161,3.858857207
30000,-77,22969,3.858857207
30000,-79,23607,3.994255706
30000,-79,23626,3.994255706
30000,-78,24334,3.926556457
30000,-79,23660,3.994255706
30000,-79,23721,3.994255706
30000,-80,23179,4.061954955
30000,-79,23908,3.994255706
30000,-78,23964,3.926556457
30000,-78,24925,3.926556457
30000,-79,23812,3.994255706
30000,-79,23028,3.994255706
30000,-79,24666,3.994255706
30000,-79,24297,3.994255706
30000,-78,23578,3.926556457
30000,-78,22891,3.926556457
30000,-78,23559,3.926556457
30000,-79,23707,3.994255706
30000,-79,23058,3.994255706
30000,-79,23267,3.994255706
30000,-79,22726,3.994255706
30000,-80,23851,4.061954955
30000,-79,23537,3.994255706
30000,-80,23909,4.061954955
30000,-79,23443,3.994255706
30000,-77,23675,3.858857207
30000,-78,22975,3.926556457
30000,-76,24974,3.791157958
30000,-76,23227,3.791157958
30000,-76,24523,3.791157958
30000,-77,23803,3.858857207
30000,-77,23868,3.858857207
30000,-76,23783,3.791157958
,,,
35000,-78,28366,3.756311143
35000,-77,28823,3.691547157
35000,-78,28703,3.756311143
35000,-77,28999,3.691547157
35000,-76,28135,3.626783172
35000,-77,29122,3.691547157
35000,-77,28984,3.691547157
35000,-78,29076,3.756311143
35000,-76,28588,3.626783172
35000,-75,29068,3.562019187
35000,-75,28518,3.562019187
35000,-75,29367,3.562019187
35000,-75,28424,3.562019187
35000,-75,28898,3.562019187
35000,-74,28455,3.497255202
35000,-75,28812,3.562019187
35000,-75,28557,3.562019187
35000,-74,29324,3.497255202
35000,-74,28484,3.497255202
35000,-75,29219,3.562019187
35000,-74,28066,3.497255202
35000,-75,29046,3.562019187
35000,-75,28726,3.562019187
35000,-75,28827,3.562019187
35000,-75,28453,3.562019187
35000,-74,28776,3.497255202
35000,-74,28825,3.497255202
35000,-75,29358,3.562019187
35000,-75,28917,3.562019187
35000,-75,28914,3.562019187
35000,-75,28672,3.562019187
35000,-77,29359,3.691547157
35000,-75,29104,3.562019187
35000,-75,29210,3.562019187
35000,-75,28745,3.562019187
35000,-77,29213,3.691547157
35000,-77,28944,3.691547157
35000,-78,28843,3.756311143
35000,-76,28484,3.626783172
35000,-77,28953,3.691547157
35000,-77,29447,3.691547157
35000,-78,27733,3.756311143
35000,-78,28870,3.756311143
35000,-80,27510,3.885839113
35000,-80,29007,3.885839113
35000,-79,28410,3.821075128
35000,-81,29361,3.950603098
35000,-78,27611,3.756311143
35000,-80,28389,3.885839113
35000,-79,28707,3.821075128
35000,-81,28965,3.950603098
35000,-80,28196,3.885839113
35000,-80,29848,3.885839113
35000,-82,26576,4.015367084
35000,-78,29530,3.756311143
35000,-78,28042,3.756311143
35000,-80,29056,3.885839113
35000,-78,27944,3.756311143
35000,-79,29085,3.821075128
35000,-80,26995,3.885839113
35000,-80,29296,3.885839113
35000,-80,29128,3.885839113
35000,-80,29249,3.885839113
35000,-80,26996,3.885839113
35000,-81,29284,3.950603098
35000,-81,26963,3.950603098
35000,-81,29206,3.950603098
35000,-81,27444,3.950603098
35000,-80,28904,3.885839113
35000,-80,27249,3.885839113
35000,-80,28632,3.885839113
35000,-81,28067,3.950603098
35000,-80,28624,3.885839113
35000,-80,26794,3.885839113
35000,-79,29071,3.821075128
35000,-80,26736,3.885839113
35000,-79,29243,3.821075128
35000,-79,26943,3.821075128
35000,-79,29435,3.821075128
35000,-79,27434,3.821075128
35000,-79,29382,3.821075128
35000,-78,27248,3.756311143
35000,-78,29153,3.756311143
35000,-78,26517,3.756311143
35000,-78,28365,3.756311143
35000,-78,25946,3.756311143
35000,-77,28692,3.691547157
35000,-79,29247,3.821075128
35000,-79,30372,3.821075128
35000,-80,28681,3.885839113
35000,-79,30031,3.821075128
35000,-79,28436,3.821075128
35000,-80,28995,3.885839113
35000,-78,29185,3.756311143
35000,-77,28964,3.691547157
35000,-79,28791,3.821075128
35000,-78,29118,3.756311143
35000,-77,28809,3.691547157
35000,-77,28891,3.691547157
35000,-77,29088,3.691547157
35000,-77,29234,3.691547157
35000,-77,28235,3.691547157
35000,-78,28837,3.756311143
35000,-77,28881,3.691547157
35000,-79,29134,3.821075128
35000,-78,29501,3.756311143
35000,-78,29264,3.756311143
35000,-78,28833,3.756311143
35000,-78,28461,3.756311143
35000,-78,28034,3.756311143
35000,-78,27849,3.756311143
35000,-78,27859,3.756311143
35000,-78,27287,3.756311143
35000,-78,29729,3.756311143
35000,-78,29060,3.756311143
35000,-77,29388,3.691547157
35000,-77,29245,3.691547157
35000,-76,28352,3.626783172
35000,-76,29412,3.626783172
35000,-76,29012,3.626783172
35000,-76,29222,3.626783172
35000,-77,28890,3.691547157
35000,-79,27794,3.821075128
35000,-78,28644,3.756311143
35000,-78,25901,3.756311143
35000,-76,28786,3.626783172
35000,-77,29135,3.691547157
35000,-76,28593,3.626783172
35000,-79,29043,3.821075128
35000,-76,29054,3.626783172
35000,-79,28497,3.821075128
35000,-77,28678,3.691547157
35000,-76,29785,3.626783172
35000,-76,29256,3.626783172
35000,-79,28748,3.821075128
35000,-79,29163,3.821075128
35000,-77,28813,3.691547157
35000,-77,29550,3.691547157
35000,-79,28304,3.821075128
35000,-79,28444,3.821075128
35000,-79,27991,3.821075128
35000,-79,29116,3.821075128
35000,-80,28448,3.885839113
35000,-80,28986,3.885839113
35000,-78,29200,3.756311143
35000,-77,29154,3.691547157
35000,-78,28316,3.756311143
35000,-79,26884,3.821075128
35000,-78,28751,3.756311143
35000,-77,28767,3.691547157
35000,-76,28181,3.626783172
35000,-76,28018,3.626783172
35000,-76,27988,3.626783172
35000,-77,29023,3.691547157
35000,-78,28587,3.756311143
35000,-78,29132,3.756311143
35000,-79,29643,3.821075128
35000,-78,28857,3.756311143
35000,-78,29454,3.756311143
35000,-77,28215,3.691547157
35000,-78,29558,3.756311143
35000,-80,28785,3.885839113
35000,-75,28541,3.562019187
35000,-78,29261,3.756311143
35000,-77,27758,3.691547157
35000,-79,29298,3.821075128
35000,-79,28989,3.821075128
35000,-77,29841,3.691547157
35000,-77,28273,3.691547157
35000,-78,28711,3.756311143
35000,-77,27452,3.691547157
35000,-77,28301,3.691547157
35000,-77,29911,3.691547157
,,,
40000,-79,34029,3.682758468
40000,-79,34660,3.682758468
40000,-79,34204,3.682758468
40000,-80,34356,3.745178103
40000,-79,34402,3.682758468
40000,-81,33520,3.807597739
40000,-81,33975,3.807597739
40000,-80,34889,3.745178103
40000,-80,34138,3.745178103
40000,-80,34191,3.745178103
40000,-78,34274,3.620338833
40000,-78,34802,3.620338833
40000,-80,33895,3.745178103
40000,-78,34138,3.620338833
40000,-78,34296,3.620338833
40000,-81,35560,3.807597739
40000,-78,33462,3.620338833
40000,-79,34882,3.682758468
40000,-80,34335,3.745178103
40000,-81,35226,3.807597739
40000,-80,34429,3.745178103
40000,-80,34763,3.745178103
40000,-82,33819,3.870017374
40000,-81,34845,3.807597739
40000,-81,34108,3.807597739
40000,-82,34920,3.870017374
40000,-81,34158,3.807597739
40000,-81,35170,3.807597739
40000,-81,34304,3.807597739
40000,-81,32817,3.807597739
40000,-81,33831,3.807597739
40000,-81,35230,3.807597739
40000,-78,33552,3.620338833
40000,-78,35211,3.620338833
40000,-78,34185,3.620338833
40000,-79,34909,3.682758468
40000,-80,33931,3.745178103
40000,-80,35354,3.745178103
40000,-81,35326,3.807597739
40000,-80,34619,3.745178103
40000,-81,34960,3.807597739
40000,-85,35310,4.057276279
40000,-82,35005,3.870017374
40000,-82,35708,3.870017374
40000,-81,34631,3.807597739
40000,-83,34962,3.932437009
40000,-82,34422,3.870017374
40000,-81,35268,3.807597739
40000,-80,33738,3.745178103
40000,-79,34365,3.682758468
40000,-80,34057,3.745178103
40000,-79,33664,3.682758468
40000,-78,34491,3.620338833
40000,-78,33446,3.620338833
40000,-78,34275,3.620338833
40000,-80,34825,3.745178103
40000,-79,33920,3.682758468
40000,-81,34873,3.807597739
40000,-80,33996,3.745178103
40000,-78,34599,3.620338833
40000,-79,34187,3.682758468
40000,-80,34016,3.745178103
40000,-80,34094,3.745178103
40000,-80,35611,3.745178103
40000,-81,34516,3.807597739
40000,-81,34542,3.807597739
40000,-79,34402,3.682758468
40000,-80,34275,3.745178103
40000,-81,34221,3.807597739
40000,-78,34542,3.620338833
40000,-82,33980,3.870017374
40000,-77,34792,3.557919198
40000,-78,34874,3.620338833
40000,-79,34151,3.682758468
40000,-80,33850,3.745178103
40000,-78,34525,3.620338833
40000,-77,33459,3.557919198
40000,-77,35145,3.557919198
40000,-76,34626,3.495499563
40000,-76,34429,3.495499563
40000,-76,34261,3.495499563
40000,-79,34675,3.682758468
40000,-79,34367,3.682758468
40000,-79,33882,3.682758468
40000,-78,34459,3.620338833
40000,-78,34480,3.620338833
,,,
45000,-82,39372,3.750274056
45000,-83,40151,3.810762348
45000,-81,39235,3.689785765
45000,-82,40257,3.750274056
45000,-82,39253,3.750274056
45000,-79,40526,3.568809183
45000,-80,39238,3.629297474
45000,-81,40705,3.689785765
45000,-82,39132,3.750274056
45000,-81,40907,3.689785765
45000,-80,39088,3.629297474
45000,-81,41028,3.689785765
45000,-82,39362,3.750274056
45000,-81,40129,3.689785765
45000,-81,39309,3.689785765
45000,-81,40646,3.689785765
45000,-81,38454,3.689785765
45000,-81,40679,3.689785765
45000,-81,38003,3.689785765
45000,-82,41141,3.750274056
45000,-81,38405,3.689785765
45000,-80,40670,3.629297474
45000,-81,40637,3.689785765
45000,-81,40925,3.689785765
45000,-82,39036,3.750274056
45000,-82,40908,3.750274056
45000,-83,40566,3.810762348
45000,-82,40616,3.750274056
45000,-81,39290,3.689785765
45000,-82,40846,3.750274056
45000,-82,39537,3.750274056
45000,-81,38160,3.689785765
45000,-80,38481,3.629297474
45000,-80,40906,3.629297474
45000,-81,39348,3.689785765
45000,-82,40410,3.750274056
45000,-81,39583,3.689785765
45000,-81,40961,3.689785765
45000,-81,39258,3.689785765
45000,-80,39598,3.629297474
45000,-81,39537,3.689785765
45000,-81,39376,3.689785765
45000,-82,41028,3.750274056
45000,-81,39482,3.689785765
45000,-80,41003,3.629297474
45000,-82,39793,3.750274056
45000,-84,41055,3.871250639
45000,-84,40401,3.871250639
45000,-84,40279,3.871250639
45000,-85,39568,3.93173893
45000,-84,40510,3.871250639
45000,-84,39920,3.871250639
45000,-84,40856,3.871250639
45000,-83,39680,3.810762348
45000,-81,41107,3.689785765
45000,-82,38917,3.750274056
45000,-82,40361,3.750274056
45000,-80,39700,3.629297474
45000,-82,38922,3.750274056
45000,-83,40055,3.810762348
45000,-82,39402,3.750274056
45000,-82,40764,3.750274056
45000,-81,40771,3.689785765
45000,-81,39593,3.689785765
45000,-81,40040,3.689785765
45000,-81,39977,3.689785765
45000,-82,40495,3.750274056
45000,-83,39378,3.810762348
45000,-84,40882,3.871250639
45000,-84,39593,3.871250639
45000,-84,41034,3.871250639
45000,-82,39274,3.750274056
45000,-81,40868,3.689785765
45000,-82,40195,3.750274056
45000,-82,40142,3.750274056
45000,-82,39595,3.750274056
45000,-82,41169,3.750274056
45000,-82,39218,3.750274056
45000,-82,40507,3.750274056
45000,-80,40792,3.629297474
45000,-82,38413,3.750274056
45000,-82,40471,3.750274056
45000,-79,39147,3.568809183
45000,-80,41205,3.629297474
45000,-81,39214,3.689785765
45000,-80,40842,3.629297474
45000,-82,39459,3.750274056
45000,-83,40106,3.810762348
45000,-82,38503,3.750274056
45000,-81,40867,3.689785765
45000,-81,39475,3.689785765
45000,-82,41311,3.750274056
45000,-81,38475,3.689785765
45000,-81,40278,3.689785765
45000,-81,39367,3.689785765
45000,-82,40077,3.750274056
45000,-83,39798,3.810762348
45000,-81,39738,3.689785765
45000,-80,39853,3.629297474
45000,-81,40334,3.689785765
45000,-81,39319,3.689785765
45000,-81,40496,3.689785765
45000,-80,40354,3.629297474
45000,-80,40599,3.629297474
45000,-80,39590,3.629297474
45000,-78,40412,3.508320891
45000,-77,39084,3.4478326
45000,-78,40724,3.508320891
45000,-78,38584,3.508320891
45000,-78,40485,3.508320891
45000,-81,39466,3.689785765
45000,-80,40460,3.629297474
45000,-80,39290,3.629297474
45000,-83,40669,3.810762348
45000,-81,39623,3.689785765
45000,-79,39845,3.568809183
45000,-79,39123,3.568809183
45000,-80,40153,3.629297474
45000,-79,39449,3.568809183
45000,-80,40851,3.629297474
45000,-79,39354,3.568809183
45000,-79,40496,3.568809183
45000,-79,39434,3.568809183
45000,-80,40434,3.629297474
45000,-79,38187,3.568809183
45000,-79,40184,3.568809183
45000,-80,39145,3.629297474
45000,-79,40321,3.568809183
45000,-80,38999,3.629297474
45000,-80,40503,3.629297474
45000,-80,40004,3.629297474
45000,-80,39877,3.629297474
45000,-80,39723,3.629297474
45000,-79,39972,3.568809183
45000,-80,40253,3.629297474
45000,-79,39045,3.568809183
45000,-80,40482,3.629297474
45000,-81,39355,3.689785765
45000,-80,40570,3.629297474
45000,-79,39673,3.568809183
45000,-80,40386,3.629297474
45000,-82,39651,3.750274056
45000,-82,40614,3.750274056
45000,-83,39079,3.810762348
45000,-83,40596,3.810762348
45000,-83,38783,3.810762348
45000,-81,40647,3.689785765
45000,-81,38931,3.689785765
45000,-81,40555,3.689785765
45000,-80,39359,3.629297474
45000,-81,41046,3.689785765
45000,-81,39453,3.689785765
45000,-81,40165,3.689785765
45000,-82,39169,3.750274056
45000,-80,40084,3.629297474
45000,-80,39329,3.629297474
45000,-79,40316,3.568809183
45000,-81,39376,3.689785765
45000,-81,39981,3.689785765
45000,-82,39740,3.750274056
45000,-80,40407,3.629297474
45000,-80,39607,3.629297474
45000,-80,40837,3.629297474
45000,-80,39489,3.629297474
45000,-80,40180,3.629297474
45000,-78,39378,3.508320891
45000,-81,40733,3.689785765
45000,-83,39803,3.810762348
45000,-79,39726,3.568809183
45000,-79,39846,3.568809183
45000,-82,41084,3.750274056
45000,-83,39155,3.810762348
45000,-83,40270,3.810762348
45000,-82,41192,3.750274056
45000,-82,40409,3.750274056
45000,-81,39187,3.689785765
45000,-81,40026,3.689785765
45000,-80,39535,3.629297474
,,,
50000,-82,44908,3.649269842
50000,-81,44250,3.590410651
50000,-83,45723,3.708129033
50000,-82,44871,3.649269842
50000,-80,44915,3.53155146
50000,-81,44757,3.590410651
50000,-81,45892,3.590410651
50000,-79,44592,3.472692269
50000,-80,45177,3.53155146
50000,-81,44535,3.590410651
50000,-81,45162,3.590410651
50000,-79,44154,3.472692269
50000,-82,46043,3.649269842
50000,-81,44630,3.590410651
50000,-80,44189,3.53155146
50000,-82,44218,3.649269842
50000,-78,43146,3.413833078
50000,-78,44862,3.413833078
50000,-82,44516,3.649269842
50000,-84,45004,3.766988224
50000,-84,42830,3.766988224
50000,-82,44909,3.649269842
50000,-82,44542,3.649269842
50000,-81,44671,3.590410651
50000,-80,44938,3.53155146
50000,-78,44637,3.413833078
50000,-78,44851,3.413833078
50000,-80,44536,3.53155146
50000,-80,44935,3.53155146
50000,-81,45102,3.590410651
50000,-81,44173,3.590410651
50000,-82,45064,3.649269842
50000,-83,44691,3.708129033
50000,-81,44987,3.590410651
50000,-81,44775,3.590410651
50000,-78,44276,3.413833078
50000,-79,45208,3.472692269
50000,-80,45358,3.53155146
50000,-79,45231,3.472692269
50000,-79,44433,3.472692269
50000,-80,44843,3.53155146
50000,-80,45057,3.53155146
50000,-82,45261,3.649269842
50000,-84,45185,3.766988224
50000,-82,45069,3.649269842
50000,-81,45573,3.590410651
50000,-81,44514,3.590410651
50000,-82,44710,3.649269842
50000,-81,45242,3.590410651
50000,-81,44661,3.590410651
50000,-82,44974,3.649269842
50000,-82,43995,3.649269842
50000,-83,44722,3.708129033
50000,-83,44464,3.708129033
50000,-83,43930,3.708129033
50000,-83,44804,3.708129033
50000,-83,45358,3.708129033
50000,-83,43838,3.708129033
50000,-83,44569,3.708129033
50000,-83,44550,3.708129033
50000,-82,45339,3.649269842
50000,-82,43798,3.649269842
50000,-82,44997,3.649269842
50000,-82,44683,3.649269842
50000,-81,44377,3.590410651
50000,-81,44854,3.590410651
50000,-81,44059,3.590410651
50000,-81,44261,3.590410651
50000,-81,44883,3.590410651
50000,-81,44156,3.590410651
50000,-81,45201,3.590410651
50000,-81,44414,3.590410651
50000,-81,44458,3.590410651
50000,-82,45090,3.649269842
50000,-82,45262,3.649269842
50000,-82,44296,3.649269842
50000,-81,45103,3.590410651
50000,-81,44576,3.590410651
50000,-82,45291,3.649269842
50000,-80,42051,3.53155146
50000,-80,44388,3.53155146
50000,-80,44424,3.53155146
50000,-81,44605,3.590410651
50000,-81,44290,3.590410651
50000,-81,44542,3.590410651
50000,-81,44766,3.590410651
50000,-82,43364,3.649269842
50000,-82,44367,3.649269842
50000,-81,45412,3.590410651
50000,-80,44235,3.53155146
50000,-80,44634,3.53155146
50000,-82,43860,3.649269842
50000,-82,45340,3.649269842
50000,-80,44489,3.53155146
50000,-83,44701,3.708129033
50000,-80,44622,3.53155146
50000,-82,45276,3.649269842
50000,-79,44562,3.472692269
50000,-81,45655,3.590410651
50000,-82,44479,3.649269842
50000,-82,45122,3.649269842
50000,-82,45924,3.649269842
50000,-81,44187,3.590410651
50000,-82,44232,3.649269842
50000,-79,43384,3.472692269
50000,-79,44577,3.472692269
50000,-79,45282,3.472692269
50000,-81,44614,3.590410651
50000,-81,44401,3.590410651
50000,-80,44887,3.53155146
50000,-79,45333,3.472692269
50000,-79,44869,3.472692269
50000,-79,44054,3.472692269
50000,-79,44374,3.472692269
50000,-78,43972,3.413833078
50000,-80,44667,3.53155146
50000,-79,44586,3.472692269
50000,-80,45030,3.53155146
50000,-79,45045,3.472692269
50000,-79,44808,3.472692269
50000,-79,44884,3.472692269
50000,-79,44238,3.472692269
50000,-79,44938,3.472692269
50000,-80,44665,3.53155146
50000,-80,44242,3.53155146
50000,-81,44423,3.590410651
50000,-79,45894,3.472692269
50000,-79,44282,3.472692269
50000,-83,46350,3.708129033
50000,-80,44870,3.53155146
50000,-78,44924,3.413833078
50000,-80,45066,3.53155146
50000,-81,45523,3.590410651
50000,-81,43767,3.590410651
50000,-80,44460,3.53155146
50000,-80,44716,3.53155146
50000,-80,46173,3.53155146
50000,-80,44653,3.53155146
50000,-81,45379,3.590410651
50000,-79,45053,3.472692269
50000,-79,45304,3.472692269
50000,-79,44449,3.472692269
50000,-80,44950,3.53155146
50000,-80,44888,3.53155146
50000,-79,45010,3.472692269
50000,-79,44684,3.472692269
50000,-80,44429,3.53155146
50000,-79,44760,3.472692269
50000,-78,45025,3.413833078
50000,-80,44715,3.53155146
50000,-82,45440,3.649269842
50000,-82,45028,3.649269842
50000,-80,45747,3.53155146
50000,-78,45010,3.413833078
50000,-79,45299,3.472692269
50000,-80,44516,3.53155146
50000,-80,44485,3.53155146
50000,-79,44510,3.472692269
50000,-81,45976,3.590410651
50000,-80,44970,3.53155146
50000,-78,45041,3.413833078
50000,-80,42124,3.53155146
50000,-82,45363,3.649269842
50000,-81,44212,3.590410651
50000,-80,44859,3.53155146
50000,-79,44699,3.472692269
50000,-80,45665,3.53155146
50000,-80,43612,3.53155146
50000,-79,45608,3.472692269
50000,-82,44408,3.649269842
50000,-79,45259,3.472692269
50000,-81,44067,3.590410651
50000,-81,45327,3.590410651
50000,-81,43884,3.590410651
50000,-79,44026,3.472692269
50000,-79,44343,3.472692269
50000,-79,44726,3.472692269
50000,-80,44701,3.53155146
50000,-79,45287,3.472692269
50000,-81,44609,3.590410651
50000,-79,45493,3.472692269
50000,-81,44779,3.590410651
50000,-82,43987,3.649269842
50000,-83,44531,3.708129033
50000,-81,46176,3.590410651
50000,-81,44190,3.590410651
50000,-82,46285,3.649269842
50000,-82,44153,3.649269842
50000,-82,43524,3.649269842
50000,-83,43196,3.708129033
50000,-87,44638,3.943565797
50000,-86,43544,3.884706606
50000,-85,43324,3.825847415
50000,-85,44034,3.825847415
50000,-84,43513,3.766988224
50000,-85,43897,3.825847415
50000,-85,45293,3.825847415
50000,-84,44902,3.766988224
50000,-84,45158,3.766988224
50000,-83,44580,3.708129033
50000,-82,44714,3.649269842
50000,-82,44790,3.649269842
50000,-81,44320,3.590410651
50000,-80,45092,3.53155146
50000,-80,44347,3.53155146
50000,-81,44157,3.590410651
50000,-81,44914,3.590410651
50000,-80,45631,3.53155146
50000,-82,44461,3.649269842
50000,-82,44936,3.649269842
50000,-82,44971,3.649269842
50000,-82,44513,3.649269842
50000,-82,43693,3.649269842
50000,-82,44380,3.649269842
50000,-81,43996,3.590410651
50000,-81,44390,3.590410651
50000,-80,43745,3.53155146
50000,-80,45035,3.53155146
50000,-80,44434,3.53155146
50000,-80,44491,3.53155146
50000,-81,44021,3.590410651
50000,-81,44843,3.590410651
50000,-80,44427,3.53155146
50000,-80,44895,3.53155146
50000,-80,44194,3.53155146
50000,-80,45357,3.53155146
50000,-80,44572,3.53155146
50000,-81,45056,3.590410651
50000,-81,44218,3.590410651
50000,-81,43360,3.590410651
50000,-81,44049,3.590410651
50000,-80,44127,3.53155146
50000,-80,44319,3.53155146
50000,-80,44463,3.53155146
50000,-81,44525,3.590410651
50000,-80,44339,3.53155146
50000,-81,43684,3.590410651
50000,-81,44365,3.590410651
50000,-81,44475,3.590410651
50000,-80,44937,3.53155146
50000,-80,44249,3.53155146
50000,-81,45166,3.590410651
50000,-80,44460,3.53155146
50000,-80,45036,3.53155146
50000,-81,44588,3.590410651
50000,-80,40477,3.53155146
50000,-80,44277,3.53155146
50000,-80,44505,3.53155146
50000,-81,44622,3.590410651
50000,-81,45272,3.590410651
50000,-81,44036,3.590410651
50000,-81,45778,3.590410651
50000,-81,44572,3.590410651
50000,-82,44994,3.649269842
50000,-81,44128,3.590410651
50000,-82,45089,3.649269842
50000,-81,44688,3.590410651
50000,-82,44502,3.649269842
50000,-81,43313,3.590410651
50000,-81,44545,3.590410651
50000,-82,45053,3.649269842
50000,-81,44662,3.590410651
50000,-80,43995,3.53155146
50000,-80,45083,3.53155146
50000,-79,45121,3.472692269
50000,-78,45295,3.413833078
50000,-79,44521,3.472692269
50000,-78,44755,3.413833078
50000,-77,44475,3.354973887
50000,-77,43647,3.354973887
50000,-77,44744,3.354973887
50000,-78,44978,3.413833078
50000,-78,44163,3.413833078
50000,-78,44106,3.413833078
50000,-79,44581,3.472692269
50000,-79,43197,3.472692269
50000,-80,44416,3.53155146
50000,-81,43683,3.590410651
50000,-84,44458,3.766988224
50000,-84,44796,3.766988224
50000,-83,44686,3.708129033
